{"successful_requests": 100, "slowest": 0.3731950919996052, "fastest": 0.1256602710000152, "total_time": 2.2277028039998186, "requests_per_minute": 2693, "requests_per_second": 45}